{
    "name": "root",
    "gauges": {
        "Game.Policy.Entropy.mean": {
            "value": 3.117504358291626,
            "min": 3.117504358291626,
            "max": 3.20680570602417,
            "count": 10
        },
        "Game.Policy.Entropy.sum": {
            "value": 155850.28125,
            "min": 154279.1875,
            "max": 162623.53125,
            "count": 10
        },
        "Game.Environment.EpisodeLength.mean": {
            "value": 253.1608040201005,
            "min": 230.15865384615384,
            "max": 281.73295454545456,
            "count": 10
        },
        "Game.Environment.EpisodeLength.sum": {
            "value": 50379.0,
            "min": 45810.0,
            "max": 51427.0,
            "count": 10
        },
        "Game.Policy.ExtrinsicValueEstimate.mean": {
            "value": 64.40660858154297,
            "min": 9.708352088928223,
            "max": 64.40660858154297,
            "count": 10
        },
        "Game.Policy.ExtrinsicValueEstimate.sum": {
            "value": 56613.40625,
            "min": 8426.849609375,
            "max": 56613.40625,
            "count": 10
        },
        "Game.Environment.CumulativeReward.mean": {
            "value": 222.60401767043012,
            "min": 199.4197090416072,
            "max": 231.8531408030646,
            "count": 10
        },
        "Game.Environment.CumulativeReward.sum": {
            "value": 44298.199516415596,
            "min": 38604.79960203171,
            "max": 45369.59940624237,
            "count": 10
        },
        "Game.Policy.ExtrinsicReward.mean": {
            "value": 222.60401767043012,
            "min": 199.4197090416072,
            "max": 231.8531408030646,
            "count": 10
        },
        "Game.Policy.ExtrinsicReward.sum": {
            "value": 44298.199516415596,
            "min": 38604.79960203171,
            "max": 45369.59940624237,
            "count": 10
        },
        "Game.Losses.PolicyLoss.mean": {
            "value": 0.02199312428633372,
            "min": 0.021311734481714664,
            "max": 0.025280074623879045,
            "count": 10
        },
        "Game.Losses.PolicyLoss.sum": {
            "value": 0.1099656214316686,
            "min": 0.10059705056094874,
            "max": 0.120184261056905,
            "count": 10
        },
        "Game.Losses.ValueLoss.mean": {
            "value": 35.439095713297526,
            "min": 29.193307698567708,
            "max": 122.71756146748861,
            "count": 10
        },
        "Game.Losses.ValueLoss.sum": {
            "value": 177.19547856648762,
            "min": 124.66611181894939,
            "max": 490.87024586995443,
            "count": 10
        },
        "Game.Policy.LearningRate.mean": {
            "value": 1.6216054594680002e-05,
            "min": 1.6216054594680002e-05,
            "max": 0.00028457250514249996,
            "count": 10
        },
        "Game.Policy.LearningRate.sum": {
            "value": 8.10802729734e-05,
            "min": 8.10802729734e-05,
            "max": 0.0012839490720170002,
            "count": 10
        },
        "Game.Policy.Epsilon.mean": {
            "value": 0.10540531999999998,
            "min": 0.10540531999999998,
            "max": 0.19485750000000002,
            "count": 10
        },
        "Game.Policy.Epsilon.sum": {
            "value": 0.5270265999999999,
            "min": 0.4997494,
            "max": 0.9279830000000001,
            "count": 10
        },
        "Game.Policy.Beta.mean": {
            "value": 0.00027972546800000006,
            "min": 0.00027972546800000006,
            "max": 0.0047433892500000005,
            "count": 10
        },
        "Game.Policy.Beta.sum": {
            "value": 0.0013986273400000003,
            "min": 0.0013986273400000003,
            "max": 0.021406351700000003,
            "count": 10
        },
        "Game.IsTraining.mean": {
            "value": 1.0,
            "min": 1.0,
            "max": 1.0,
            "count": 10
        },
        "Game.IsTraining.sum": {
            "value": 1.0,
            "min": 1.0,
            "max": 1.0,
            "count": 10
        }
    },
    "metadata": {
        "timer_format_version": "0.1.0",
        "start_time_seconds": "1621531686",
        "python_version": "3.7.9 (tags/v3.7.9:13c94747c7, Aug 17 2020, 18:58:18) [MSC v.1900 64 bit (AMD64)]",
        "command_line_arguments": "C:\\Users\\Rafael\\Documents\\GitHub\\iart-proj-2\\BallSortPuzzle\\venv\\Scripts\\mlagents-learn --run-id=PPO1 --train",
        "mlagents_version": "0.25.1",
        "mlagents_envs_version": "0.25.1",
        "communication_protocol_version": "1.5.0",
        "pytorch_version": "1.7.0+cu110",
        "numpy_version": "1.20.2",
        "end_time_seconds": "1621532215"
    },
    "total": 530.4938949,
    "count": 1,
    "self": 0.007734099999879618,
    "children": {
        "run_training.setup": {
            "total": 0.13698220000000005,
            "count": 1,
            "self": 0.13698220000000005
        },
        "TrainerController.start_learning": {
            "total": 530.3491786000001,
            "count": 1,
            "self": 0.5975993999974207,
            "children": {
                "TrainerController._reset_env": {
                    "total": 8.2216967,
                    "count": 1,
                    "self": 8.2216967
                },
                "TrainerController.advance": {
                    "total": 521.4378886000027,
                    "count": 20867,
                    "self": 0.3327393000079155,
                    "children": {
                        "env_step": {
                            "total": 521.1051492999948,
                            "count": 20867,
                            "self": 297.1680987999985,
                            "children": {
                                "SubprocessEnvManager._take_step": {
                                    "total": 223.60754219999927,
                                    "count": 20867,
                                    "self": 1.737931800001121,
                                    "children": {
                                        "TorchPolicy.evaluate": {
                                            "total": 221.86961039999815,
                                            "count": 20867,
                                            "self": 54.954797700000114,
                                            "children": {
                                                "TorchPolicy.sample_actions": {
                                                    "total": 166.91481269999804,
                                                    "count": 20867,
                                                    "self": 166.91481269999804
                                                }
                                            }
                                        }
                                    }
                                },
                                "workers": {
                                    "total": 0.3295082999969843,
                                    "count": 20867,
                                    "self": 0.0,
                                    "children": {
                                        "worker_root": {
                                            "total": 522.8640796999998,
                                            "count": 20867,
                                            "is_parallel": true,
                                            "self": 280.5637178999971,
                                            "children": {
                                                "steps_from_proto": {
                                                    "total": 0.0008366000000004092,
                                                    "count": 1,
                                                    "is_parallel": true,