{
    "name": "root",
    "gauges": {
        "Game.Policy.Entropy.mean": {
            "value": 2.9380223751068115,
            "min": 2.9200563430786133,
            "max": 3.206606149673462,
            "count": 50
        },
        "Game.Policy.Entropy.sum": {
            "value": 30179.365234375,
            "min": 26444.03125,
            "max": 33861.76171875,
            "count": 50
        },
        "Game.Environment.EpisodeLength.mean": {
            "value": 152.56060606060606,
            "min": 152.56060606060606,
            "max": 327.5925925925926,
            "count": 50
        },
        "Game.Environment.EpisodeLength.sum": {
            "value": 10069.0,
            "min": 4487.0,
            "max": 15168.0,
            "count": 50
        },
        "Game.Policy.ExtrinsicValueEstimate.mean": {
            "value": 0.43670669198036194,
            "min": 0.16083985567092896,
            "max": 0.4922705590724945,
            "count": 50
        },
        "Game.Policy.ExtrinsicValueEstimate.sum": {
            "value": 83.41098022460938,
            "min": 27.181934356689453,
            "max": 92.05459594726562,
            "count": 50
        },
        "Game.Environment.CumulativeReward.mean": {
            "value": 1.0087419288052666,
            "min": 0.9070199872553348,
            "max": 1.2332592161751732,
            "count": 50
        },
        "Game.Environment.CumulativeReward.sum": {
            "value": 62.54199958592653,
            "min": 28.645999636966735,
            "max": 62.92999897617847,
            "count": 50
        },
        "Game.Policy.ExtrinsicReward.mean": {
            "value": 1.0087419288052666,
            "min": 0.9070199872553348,
            "max": 1.2332592161751732,
            "count": 50
        },
        "Game.Policy.ExtrinsicReward.sum": {
            "value": 62.54199958592653,
            "min": 28.645999636966735,
            "max": 62.92999897617847,
            "count": 50
        },
        "Game.Losses.PolicyLoss.mean": {
            "value": 0.09820417007940704,
            "min": 0.0942440718456055,
            "max": 0.10505536817508983,
            "count": 50
        },
        "Game.Losses.PolicyLoss.sum": {
            "value": 0.49102085039703525,
            "min": 0.38574213165812776,
            "max": 0.5252768408754491,
            "count": 50
        },
        "Game.Losses.ValueLoss.mean": {
            "value": 0.012600452970218612,
            "min": 0.007126992689154577,
            "max": 0.01770139631616985,
            "count": 50
        },
        "Game.Losses.ValueLoss.sum": {
            "value": 0.06300226485109306,
            "min": 0.030602102897704972,
            "max": 0.0708055852646794,
            "count": 50
        },
        "Game.Policy.LearningRate.mean": {
            "value": 2.638539120520004e-06,
            "min": 2.638539120520004e-06,
            "max": 0.0002968923010359,
            "count": 50
        },
        "Game.Policy.LearningRate.sum": {
            "value": 1.319269560260002e-05,
            "min": 1.319269560260002e-05,
            "max": 0.0014562234145922,
            "count": 50
        },
        "Game.Policy.Epsilon.mean": {
            "value": 0.10087948,
            "min": 0.10087948,
            "max": 0.19896410000000003,
            "count": 50
        },
        "Game.Policy.Epsilon.sum": {
            "value": 0.5043974,
            "min": 0.4360088000000002,
            "max": 0.9854077999999998,
            "count": 50
        },
        "Game.Policy.Beta.mean": {
            "value": 0.0004496520520000008,
            "min": 0.0004496520520000008,
            "max": 0.049482153589999994,
            "count": 50
        },
        "Game.Policy.Beta.sum": {
            "value": 0.002248260260000004,
            "min": 0.002248260260000004,
            "max": 0.24270535922000003,
            "count": 50
        },
        "Game.IsTraining.mean": {
            "value": 1.0,
            "min": 1.0,
            "max": 1.0,
            "count": 50
        },
        "Game.IsTraining.sum": {
            "value": 1.0,
            "min": 1.0,
            "max": 1.0,
            "count": 50
        }
    },
    "metadata": {
        "timer_format_version": "0.1.0",
        "start_time_seconds": "1621593438",
        "python_version": "3.7.9 (tags/v3.7.9:13c94747c7, Aug 17 2020, 18:58:18) [MSC v.1900 64 bit (AMD64)]",
        "command_line_arguments": "C:\\Users\\Rafael\\Documents\\GitHub\\iart-proj-2\\BallSortPuzzle\\venv\\Scripts\\mlagents-learn --run-id=PPO8 config/config.yaml",
        "mlagents_version": "0.25.1",
        "mlagents_envs_version": "0.25.1",
        "communication_protocol_version": "1.5.0",
        "pytorch_version": "1.7.0+cu110",
        "numpy_version": "1.20.2",
        "end_time_seconds": "1621594774"
    },
    "total": 1335.4059035,
    "count": 1,
    "self": 0.019006200000148965,
    "children": {
        "run_training.setup": {
            "total": 0.2929811,
            "count": 1,
            "self": 0.2929811
        },
        "TrainerController.start_learning": {
            "total": 1335.0939162,
            "count": 1,
            "self": 1.0818158999963998,
            "children": {
                "TrainerController._reset_env": {
                    "total": 26.1726321,
                    "count": 1,
                    "self": 26.1726321
                },
                "TrainerController.advance": {
                    "total": 1307.7115049000035,
                    "count": 15686,
                    "self": 0.5978604000006271,
                    "children": {
                        "env_step": {
                            "total": 1307.113644500003,
                            "count": 15686,
                            "self": 1027.6783735999843,
                            "children": {
                                "SubprocessEnvManager._take_step": {
                                    "total": 279.0183287000089,
                                    "count": 15686,
                                    "self": 3.131767000021,
                                    "children": {
                                        "TorchPolicy.evaluate": {
                                            "total": 275.8865616999879,
                                            "count": 15686,
                                            "self": 69.68427169998935,
                                            "children": {
                                                "TorchPolicy.sample_actions": {
                                                    "total": 206.20228999999856,
                                                    "count": 15686,
                                                    "self": 206.20228999999856
                                                }
                                            }
                                        }
                                    }
                                },
                                "workers": {
                                    "total": 0.4169422000097498,
                                    "count": 15686,
                                    "self": 0.0,
                                    "children": {
                                        "worker_root": {
                                            "total": 1309.7573518999998,
                                            "count": 15686,
                                            "is_parallel": true,
                                            "self": 802.7184158000006,
                                            "children": {
                                                "steps_from_proto": {
                                                    "total": 0.0017385000000018636,
                                                    "count": 1,
                                                    "is_parallel": true,