{
    "name": "root",
    "gauges": {
        "Game.Policy.Entropy.mean": {
            "value": 2.9791033267974854,
            "min": 2.945122241973877,
            "max": 3.1919267177581787,
            "count": 10
        },
        "Game.Policy.Entropy.sum": {
            "value": 149369.265625,
            "min": 146929.203125,
            "max": 162928.703125,
            "count": 10
        },
        "Game.Environment.EpisodeLength.mean": {
            "value": 769.9193548387096,
            "min": 268.8375,
            "max": 769.9193548387096,
            "count": 10
        },
        "Game.Environment.EpisodeLength.sum": {
            "value": 47735.0,
            "min": 38007.0,
            "max": 51766.0,
            "count": 10
        },
        "Game.Step.mean": {
            "value": 499966.0,
            "min": 49985.0,
            "max": 499966.0,
            "count": 10
        },
        "Game.Step.sum": {
            "value": 499966.0,
            "min": 49985.0,
            "max": 499966.0,
            "count": 10
        },
        "Game.Policy.ExtrinsicValueEstimate.mean": {
            "value": 0.11769485473632812,
            "min": 0.11769485473632812,
            "max": 0.23529696464538574,
            "count": 10
        },
        "Game.Policy.ExtrinsicValueEstimate.sum": {
            "value": 96.03900146484375,
            "min": 96.03900146484375,
            "max": 198.1200408935547,
            "count": 10
        },
        "Game.Environment.CumulativeReward.mean": {
            "value": 0.764152419182562,
            "min": 0.764152419182562,
            "max": 0.9181162956055631,
            "count": 10
        },
        "Game.Environment.CumulativeReward.sum": {
            "value": 47.37744998931885,
            "min": 47.37744998931885,
            "max": 132.8888996243477,
            "count": 10
        },
        "Game.Policy.ExtrinsicReward.mean": {
            "value": 0.764152419182562,
            "min": 0.764152419182562,
            "max": 0.9181162956055631,
            "count": 10
        },
        "Game.Policy.ExtrinsicReward.sum": {
            "value": 47.37744998931885,
            "min": 47.37744998931885,
            "max": 132.8888996243477,
            "count": 10
        },
        "Game.Losses.PolicyLoss.mean": {
            "value": 0.025444735318111877,
            "min": 0.020776796034382036,
            "max": 0.025444735318111877,
            "count": 10
        },
        "Game.Losses.PolicyLoss.sum": {
            "value": 0.1272236765905594,
            "min": 0.08310718413752814,
            "max": 0.1272236765905594,
            "count": 10
        },
        "Game.Losses.ValueLoss.mean": {
            "value": 0.0050013490098839005,
            "min": 0.0050013490098839005,
            "max": 0.03661046894267202,
            "count": 10
        },
        "Game.Losses.ValueLoss.sum": {
            "value": 0.025006745049419504,
            "min": 0.020412744744680824,
            "max": 0.14644187577068807,
            "count": 10
        },
        "Game.Policy.LearningRate.mean": {
            "value": 1.642545452488e-05,
            "min": 1.642545452488e-05,
            "max": 0.00028456545514484995,
            "count": 10
        },
        "Game.Policy.LearningRate.sum": {
            "value": 8.21272726244e-05,
            "min": 8.21272726244e-05,
            "max": 0.0012839196720268002,
            "count": 10
        },
        "Game.Policy.Epsilon.mean": {
            "value": 0.10547512,
            "min": 0.10547512,
            "max": 0.19485515,
            "count": 10
        },
        "Game.Policy.Epsilon.sum": {
            "value": 0.5273756,
            "min": 0.49987440000000005,
            "max": 0.9279732,
            "count": 10
        },
        "Game.Policy.Beta.mean": {
            "value": 0.00028320848800000007,
            "min": 0.00028320848800000007,
            "max": 0.004743271985,
            "count": 10
        },
        "Game.Policy.Beta.sum": {
            "value": 0.0014160424400000004,
            "min": 0.0014160424400000004,
            "max": 0.02140586268,
            "count": 10
        },
        "Game.IsTraining.mean": {
            "value": 1.0,
            "min": 1.0,
            "max": 1.0,
            "count": 10
        },
        "Game.IsTraining.sum": {
            "value": 1.0,
            "min": 1.0,
            "max": 1.0,
            "count": 10
        }
    },
    "metadata": {
        "timer_format_version": "0.1.0",
        "start_time_seconds": "1621797502",
        "python_version": "3.7.3 (default, Apr 24 2019, 15:29:51) [MSC v.1915 64 bit (AMD64)]",
        "command_line_arguments": "C:\\Users\\berna\\Desktop\\Iart - proj2\\BallSortPuzzle\\venv\\Scripts\\mlagents-learn --run-id=POCANEW2",
        "mlagents_version": "0.26.0",
        "mlagents_envs_version": "0.26.0",
        "communication_protocol_version": "1.5.0",
        "pytorch_version": "1.7.0+cu110",
        "numpy_version": "1.20.3",
        "end_time_seconds": "1621797735"
    },
    "total": 232.58374379999998,
    "count": 1,
    "self": 0.007370199999996885,
    "children": {
        "run_training.setup": {
            "total": 0.12607849999999998,
            "count": 1,
            "self": 0.12607849999999998
        },
        "TrainerController.start_learning": {
            "total": 232.45029509999998,
            "count": 1,
            "self": 0.2873396999994213,
            "children": {
                "TrainerController._reset_env": {
                    "total": 8.891125599999999,
                    "count": 1,
                    "self": 8.891125599999999
                },
                "TrainerController.advance": {
                    "total": 223.22076010000055,
                    "count": 16056,
                    "self": 0.27885269999862317,
                    "children": {
                        "env_step": {
                            "total": 126.51410540000148,
                            "count": 16056,
                            "self": 83.98373380000214,
                            "children": {
                                "SubprocessEnvManager._take_step": {
                                    "total": 42.35579209999959,
                                    "count": 16056,
                                    "self": 0.9227717999985643,
                                    "children": {
                                        "TorchPolicy.evaluate": {
                                            "total": 41.433020300001026,
                                            "count": 16056,
                                            "self": 12.412770100000792,
                                            "children": {
                                                "TorchPolicy.sample_actions": {
                                                    "total": 29.020250200000234,
                                                    "count": 16056,
                                                    "self": 29.020250200000234
                                                }
                                            }
                                        }
                                    }
                                },
                                "workers": {
                                    "total": 0.17457949999975497,
                                    "count": 16056,
                                    "self": 0.0,
                                    "children": {
                                        "worker_root": {
                                            "total": 224.36987710000102,
                                            "count": 16056,
                                            "is_parallel": true,
                                            "self": 164.97945159999975,