{
    "name": "root",
    "gauges": {
        "Game.Policy.Entropy.mean": {
            "value": 2.6100947856903076,
            "min": 2.5444142818450928,
            "max": 3.189039468765259,
            "count": 100
        },
        "Game.Policy.Entropy.sum": {
            "value": 129888.7578125,
            "min": 126780.53125,
            "max": 162781.328125,
            "count": 100
        },
        "Game.Environment.EpisodeLength.mean": {
            "value": 233.08482142857142,
            "min": 184.5731707317073,
            "max": 1168.7380952380952,
            "count": 100
        },
        "Game.Environment.EpisodeLength.sum": {
            "value": 52211.0,
            "min": 31844.0,
            "max": 78749.0,
            "count": 100
        },
        "Game.Step.mean": {
            "value": 4999964.0,
            "min": 49940.0,
            "max": 4999964.0,
            "count": 100
        },
        "Game.Step.sum": {
            "value": 4999964.0,
            "min": 49940.0,
            "max": 4999964.0,
            "count": 100
        },
        "Game.Policy.ExtrinsicBaselineEstimate.mean": {
            "value": 0.37205684185028076,
            "min": 0.07072247564792633,
            "max": 0.442279577255249,
            "count": 100
        },
        "Game.Policy.ExtrinsicBaselineEstimate.sum": {
            "value": 333.7349853515625,
            "min": 61.52855682373047,
            "max": 406.4549255371094,
            "count": 100
        },
        "Game.Policy.ExtrinsicValueEstimate.mean": {
            "value": 0.37205684185028076,
            "min": 0.07072247564792633,
            "max": 0.442279577255249,
            "count": 100
        },
        "Game.Policy.ExtrinsicValueEstimate.sum": {
            "value": 333.7349853515625,
            "min": 61.52855682373047,
            "max": 406.4549255371094,
            "count": 100
        },
        "Game.Environment.CumulativeReward.mean": {
            "value": 0.8957785724529198,
            "min": 0.8053257782012224,
            "max": 0.9652681807902727,
            "count": 100
        },
        "Game.Environment.CumulativeReward.sum": {
            "value": 200.65440022945404,
            "min": 39.54564988613129,
            "max": 256.56225019693375,
            "count": 100
        },
        "Game.Policy.ExtrinsicReward.mean": {
            "value": 0.8957785724529198,
            "min": 0.8053257782012224,
            "max": 0.9652681807902727,
            "count": 100
        },
        "Game.Policy.ExtrinsicReward.sum": {
            "value": 200.65440022945404,
            "min": 39.54564988613129,
            "max": 256.56225019693375,
            "count": 100
        },
        "Game.Environment.GroupCumulativeReward.mean": {
            "value": 0.0,
            "min": 0.0,
            "max": 0.0,
            "count": 100
        },
        "Game.Environment.GroupCumulativeReward.sum": {
            "value": 0.0,
            "min": 0.0,
            "max": 0.0,
            "count": 100
        },
        "Game.Losses.PolicyLoss.mean": {
            "value": 0.021957211165378493,
            "min": 0.02045308239137133,
            "max": 0.026970399183531602,
            "count": 100
        },
        "Game.Losses.PolicyLoss.sum": {
            "value": 0.10978605582689246,
            "min": 0.08245369132297735,
            "max": 0.134851995917658,
            "count": 100
        },
        "Game.Losses.ValueLoss.mean": {
            "value": 0.01064987507338325,
            "min": 0.00355995123507455,
            "max": 0.020374527441648145,
            "count": 100
        },
        "Game.Losses.ValueLoss.sum": {
            "value": 0.053249375366916256,
            "min": 0.01779975617537275,
            "max": 0.08149810976659258,
            "count": 100
        },
        "Game.Losses.BaselineLoss.mean": {
            "value": 0.01064987507338325,
            "min": 0.003564014856237918,
            "max": 0.02038407464666913,
            "count": 100
        },
        "Game.Losses.BaselineLoss.sum": {
            "value": 0.053249375366916256,
            "min": 0.01782007428118959,
            "max": 0.08153629858667652,
            "count": 100
        },
        "Game.Policy.LearningRate.mean": {
            "value": 1.2573275809239947e-06,
            "min": 1.2573275809239947e-06,
            "max": 0.000298460175513275,
            "count": 100
        },
        "Game.Policy.LearningRate.sum": {
            "value": 6.286637904619973e-06,
            "min": 6.286637904619973e-06,
            "max": 0.0014784267071911,
            "count": 100
        },
        "Game.Policy.Epsilon.mean": {
            "value": 0.10041907600000002,
            "min": 0.10041907600000002,
            "max": 0.19948672500000003,
            "count": 100
        },
        "Game.Policy.Epsilon.sum": {
            "value": 0.5020953800000001,
            "min": 0.4259815600000001,
            "max": 0.9928089,
            "count": 100
        },
        "Game.Policy.Beta.mean": {
            "value": 3.0911892399999914e-05,
            "min": 3.0911892399999914e-05,
            "max": 0.0049743875774999995,
            "count": 100
        },
        "Game.Policy.Beta.sum": {
            "value": 0.00015455946199999956,
            "min": 0.00015455946199999956,
            "max": 0.02464116411,
            "count": 100
        },
        "Game.IsTraining.mean": {
            "value": 1.0,
            "min": 1.0,
            "max": 1.0,
            "count": 100
        },
        "Game.IsTraining.sum": {
            "value": 1.0,
            "min": 1.0,
            "max": 1.0,
            "count": 100
        }
    },
    "metadata": {
        "timer_format_version": "0.1.0",
        "start_time_seconds": "1621945939",
        "python_version": "3.7.3 (default, Apr 24 2019, 15:29:51) [MSC v.1915 64 bit (AMD64)]",
        "command_line_arguments": "C:\\Users\\berna\\Desktop\\Iart - proj2\\BallSortPuzzle\\venv\\Scripts\\mlagents-learn --force --run-id=POCANEW config/config.yaml",
        "mlagents_version": "0.26.0",
        "mlagents_envs_version": "0.26.0",
        "communication_protocol_version": "1.5.0",
        "pytorch_version": "1.7.0+cu110",
        "numpy_version": "1.20.3",
        "end_time_seconds": "1621948752"
    },
    "total": 2812.9745123000002,
    "count": 1,
    "self": 0.00833920000013677,
    "children": {
        "run_training.setup": {
            "total": 0.11515600000000015,
            "count": 1,
            "self": 0.11515600000000015
        },
        "TrainerController.start_learning": {
            "total": 2812.8510171000003,
            "count": 1,
            "self": 3.1770187000188344,
            "children": {
                "TrainerController._reset_env": {
                    "total": 6.6422927,
                    "count": 1,
                    "self": 6.6422927
                },
                "TrainerController.advance": {
                    "total": 2802.966160199982,
                    "count": 160281,
                    "self": 2.906531199980691,
                    "children": {
                        "env_step": {
                            "total": 1290.251325800048,
                            "count": 160281,
                            "self": 870.2505228999853,
                            "children": {
                                "SubprocessEnvManager._take_step": {
                                    "total": 418.2163156000323,
                                    "count": 160281,
                                    "self": 9.313272200010601,
                                    "children": {
                                        "TorchPolicy.evaluate": {
                                            "total": 408.9030434000217,
                                            "count": 160281,
                                            "self": 124.14054620005504,