{
    "name": "root",
    "gauges": {
        "Game.Policy.Entropy.mean": {
            "value": 3.00985050201416,
            "min": 3.007275104522705,
            "max": 3.1985740661621094,
            "count": 10
        },
        "Game.Policy.Entropy.sum": {
            "value": 150251.734375,
            "min": 150123.171875,
            "max": 162270.0625,
            "count": 10
        },
        "Game.Environment.EpisodeLength.mean": {
            "value": 380.0,
            "min": 300.3082191780822,
            "max": 515.5701754385965,
            "count": 10
        },
        "Game.Environment.EpisodeLength.sum": {
            "value": 53580.0,
            "min": 40805.0,
            "max": 58775.0,
            "count": 10
        },
        "Game.Step.mean": {
            "value": 499987.0,
            "min": 49981.0,
            "max": 499987.0,
            "count": 10
        },
        "Game.Step.sum": {
            "value": 499987.0,
            "min": 49981.0,
            "max": 499987.0,
            "count": 10
        },
        "Game.Policy.ExtrinsicValueEstimate.mean": {
            "value": -0.3661700189113617,
            "min": -0.41834530234336853,
            "max": 0.35167762637138367,
            "count": 10
        },
        "Game.Policy.ExtrinsicValueEstimate.sum": {
            "value": -313.4415283203125,
            "min": -350.155029296875,
            "max": 299.27764892578125,
            "count": 10
        },
        "Game.Environment.CumulativeReward.mean": {
            "value": -2.338141913532365,
            "min": -3.3822895595640468,
            "max": -1.3757379799053586,
            "count": 10
        },
        "Game.Environment.CumulativeReward.sum": {
            "value": -329.6780098080635,
            "min": -385.5810097903013,
            "max": -199.482007086277,
            "count": 10
        },
        "Game.Policy.ExtrinsicReward.mean": {
            "value": -2.338141913532365,
            "min": -3.3822895595640468,
            "max": -1.3757379799053586,
            "count": 10
        },
        "Game.Policy.ExtrinsicReward.sum": {
            "value": -329.6780098080635,
            "min": -385.5810097903013,
            "max": -199.482007086277,
            "count": 10
        },
        "Game.Losses.PolicyLoss.mean": {
            "value": 0.02254094916395843,
            "min": 0.02096948545658961,
            "max": 0.02734787514278044,
            "count": 10
        },
        "Game.Losses.PolicyLoss.sum": {
            "value": 0.11270474581979216,
            "min": 0.08387794182635844,
            "max": 0.1367393757139022,
            "count": 10
        },
        "Game.Losses.ValueLoss.mean": {
            "value": 0.03239713519811631,
            "min": 0.025266909797986348,
            "max": 0.03589641714158157,
            "count": 10
        },
        "Game.Losses.ValueLoss.sum": {
            "value": 0.16198567599058153,
            "min": 0.11527408187588056,
            "max": 0.17100183231135208,
            "count": 10
        },
        "Game.Policy.LearningRate.mean": {
            "value": 1.630353456552e-05,
            "min": 1.630353456552e-05,
            "max": 0.0002846136051288,
            "count": 10
        },
        "Game.Policy.LearningRate.sum": {
            "value": 8.15176728276e-05,
            "min": 8.15176728276e-05,
            "max": 0.001284267071911,
            "count": 10
        },
        "Game.Policy.Epsilon.mean": {
            "value": 0.10543448000000002,
            "min": 0.10543448000000002,
            "max": 0.19487120000000002,
            "count": 10
        },
        "Game.Policy.Epsilon.sum": {
            "value": 0.5271724000000001,
            "min": 0.49982740000000014,
            "max": 0.9280890000000002,
            "count": 10
        },
        "Game.Policy.Beta.mean": {
            "value": 0.00028118055200000003,
            "min": 0.00028118055200000003,
            "max": 0.00474407288,
            "count": 10
        },
        "Game.Policy.Beta.sum": {
            "value": 0.00140590276,
            "min": 0.00140590276,
            "max": 0.021411641099999996,
            "count": 10
        },
        "Game.IsTraining.mean": {
            "value": 1.0,
            "min": 1.0,
            "max": 1.0,
            "count": 10
        },
        "Game.IsTraining.sum": {
            "value": 1.0,
            "min": 1.0,
            "max": 1.0,
            "count": 10
        }
    },
    "metadata": {
        "timer_format_version": "0.1.0",
        "start_time_seconds": "1621864473",
        "python_version": "3.7.3 (default, Apr 24 2019, 15:29:51) [MSC v.1915 64 bit (AMD64)]",
        "command_line_arguments": "C:\\Users\\berna\\Desktop\\Iart - proj2\\BallSortPuzzle\\venv\\Scripts\\mlagents-learn --force --run-id=POCAOLD",
        "mlagents_version": "0.26.0",
        "mlagents_envs_version": "0.26.0",
        "communication_protocol_version": "1.5.0",
        "pytorch_version": "1.7.0+cu110",
        "numpy_version": "1.20.3",
        "end_time_seconds": "1621864715"
    },
    "total": 242.1185782,
    "count": 1,
    "self": 0.006896500000010519,
    "children": {
        "run_training.setup": {
            "total": 0.27079249999999977,
            "count": 1,
            "self": 0.27079249999999977
        },
        "TrainerController.start_learning": {
            "total": 241.8408892,
            "count": 1,
            "self": 0.3332578999996372,
            "children": {
                "TrainerController._reset_env": {
                    "total": 5.1721222000000004,
                    "count": 1,
                    "self": 5.1721222000000004
                },
                "TrainerController.advance": {
                    "total": 236.28082250000037,
                    "count": 16056,
                    "self": 0.3075254000023051,
                    "children": {
                        "env_step": {
                            "total": 134.01387219999742,
                            "count": 16056,
                            "self": 89.47388259999771,
                            "children": {
                                "SubprocessEnvManager._take_step": {
                                    "total": 44.34834640000045,
                                    "count": 16056,
                                    "self": 1.0503665000004574,
                                    "children": {
                                        "TorchPolicy.evaluate": {
                                            "total": 43.297979899999994,
                                            "count": 16056,
                                            "self": 12.96438359999948,
                                            "children": {
                                                "TorchPolicy.sample_actions": {
                                                    "total": 30.333596300000515,
                                                    "count": 16056,
                                                    "self": 30.333596300000515
                                                }
                                            }
                                        }
                                    }
                                },
                                "workers": {
                                    "total": 0.19164319999925894,
                                    "count": 16056,
                                    "self": 0.0,
                                    "children": {
                                        "worker_root": {
                                            "total": 237.3937692000004,
                                            "count": 16056,
                                            "is_parallel": true,
                                            "self": 174.24041650000112,