{
    "name": "root",
    "gauges": {
        "Game.Policy.Entropy.mean": {
            "value": 2.5837714672088623,
            "min": 2.554792881011963,
            "max": 3.193087339401245,
            "count": 100
        },
        "Game.Policy.Entropy.sum": {
            "value": 129465.03125,
            "min": 128173.953125,
            "max": 162687.796875,
            "count": 100
        },
        "Game.Environment.EpisodeLength.mean": {
            "value": 165.80503144654088,
            "min": 135.88920454545453,
            "max": 373.24827586206897,
            "count": 100
        },
        "Game.Environment.EpisodeLength.sum": {
            "value": 52726.0,
            "min": 40894.0,
            "max": 59130.0,
            "count": 100
        },
        "Game.Step.mean": {
            "value": 4999985.0,
            "min": 49978.0,
            "max": 4999985.0,
            "count": 100
        },
        "Game.Step.sum": {
            "value": 4999985.0,
            "min": 49978.0,
            "max": 4999985.0,
            "count": 100
        },
        "Game.Policy.ExtrinsicBaselineEstimate.mean": {
            "value": 0.014688324183225632,
            "min": -0.36270928382873535,
            "max": 0.12867982685565948,
            "count": 100
        },
        "Game.Policy.ExtrinsicBaselineEstimate.sum": {
            "value": 13.733583450317383,
            "min": -305.763916015625,
            "max": 119.92960357666016,
            "count": 100
        },
        "Game.Policy.ExtrinsicValueEstimate.mean": {
            "value": 0.014688324183225632,
            "min": -0.36270928382873535,
            "max": 0.12867982685565948,
            "count": 100
        },
        "Game.Policy.ExtrinsicValueEstimate.sum": {
            "value": 13.733583450317383,
            "min": -305.763916015625,
            "max": 119.92960357666016,
            "count": 100
        },
        "Game.Environment.CumulativeReward.mean": {
            "value": -0.4573364965383362,
            "min": -2.2056414431025244,
            "max": -0.15421876387501304,
            "count": 100
        },
        "Game.Environment.CumulativeReward.sum": {
            "value": -145.4330058991909,
            "min": -319.818009249866,
            "max": -54.28500488400459,
            "count": 100
        },
        "Game.Policy.ExtrinsicReward.mean": {
            "value": -0.4573364965383362,
            "min": -2.2056414431025244,
            "max": -0.15421876387501304,
            "count": 100
        },
        "Game.Policy.ExtrinsicReward.sum": {
            "value": -145.4330058991909,
            "min": -319.818009249866,
            "max": -54.28500488400459,
            "count": 100
        },
        "Game.Environment.GroupCumulativeReward.mean": {
            "value": 0.0,
            "min": 0.0,
            "max": 0.0,
            "count": 100
        },
        "Game.Environment.GroupCumulativeReward.sum": {
            "value": 0.0,
            "min": 0.0,
            "max": 0.0,
            "count": 100
        },
        "Game.Losses.PolicyLoss.mean": {
            "value": 0.024008495480908703,
            "min": 0.018889634204097092,
            "max": 0.028361407723277804,
            "count": 100
        },
        "Game.Losses.PolicyLoss.sum": {
            "value": 0.12004247740454352,
            "min": 0.08899729920861622,
            "max": 0.14180703861638902,
            "count": 100
        },
        "Game.Losses.ValueLoss.mean": {
            "value": 0.037619650922715665,
            "min": 0.027209215896824995,
            "max": 0.0386760193730394,
            "count": 100
        },
        "Game.Losses.ValueLoss.sum": {
            "value": 0.18809825461357832,
            "min": 0.11281259035070737,
            "max": 0.193380096865197,
            "count": 100
        },
        "Game.Losses.BaselineLoss.mean": {
            "value": 0.037619650922715665,
            "min": 0.027214914473394552,
            "max": 0.0386760193730394,
            "count": 100
        },
        "Game.Losses.BaselineLoss.sum": {
            "value": 0.18809825461357832,
            "min": 0.11289524535338084,
            "max": 0.193380096865197,
            "count": 100
        },
        "Game.Policy.LearningRate.mean": {
            "value": 1.3172075609639914e-06,
            "min": 1.3172075609639914e-06,
            "max": 0.00029846082051306,
            "count": 100
        },
        "Game.Policy.LearningRate.sum": {
            "value": 6.586037804819957e-06,
            "min": 6.586037804819957e-06,
            "max": 0.0014784021071992998,
            "count": 100
        },
        "Game.Policy.Epsilon.mean": {
            "value": 0.100439036,
            "min": 0.100439036,
            "max": 0.19948694,
            "count": 100
        },
        "Game.Policy.Epsilon.sum": {
            "value": 0.50219518,
            "min": 0.4260452800000001,
            "max": 0.9928007000000003,
            "count": 100
        },
        "Game.Policy.Beta.mean": {
            "value": 3.1907896399999867e-05,
            "min": 3.1907896399999867e-05,
            "max": 0.004974398306000001,
            "count": 100
        },
        "Game.Policy.Beta.sum": {
            "value": 0.00015953948199999934,
            "min": 0.00015953948199999934,
            "max": 0.02464075493000001,
            "count": 100
        },
        "Game.IsTraining.mean": {
            "value": 1.0,
            "min": 1.0,
            "max": 1.0,
            "count": 100
        },
        "Game.IsTraining.sum": {
            "value": 1.0,
            "min": 1.0,
            "max": 1.0,
            "count": 100
        }
    },
    "metadata": {
        "timer_format_version": "0.1.0",
        "start_time_seconds": "1621942721",
        "python_version": "3.7.3 (default, Apr 24 2019, 15:29:51) [MSC v.1915 64 bit (AMD64)]",
        "command_line_arguments": "C:\\Users\\berna\\Desktop\\Iart - proj2\\BallSortPuzzle\\venv\\Scripts\\mlagents-learn --force --run-id=POCAOLD config/config.yaml",
        "mlagents_version": "0.26.0",
        "mlagents_envs_version": "0.26.0",
        "communication_protocol_version": "1.5.0",
        "pytorch_version": "1.7.0+cu110",
        "numpy_version": "1.20.3",
        "end_time_seconds": "1621945560"
    },
    "total": 2842.0830128999996,
    "count": 1,
    "self": 0.008323499999278283,
    "children": {
        "run_training.setup": {
            "total": 0.11744579999999993,
            "count": 1,
            "self": 0.11744579999999993
        },
        "TrainerController.start_learning": {
            "total": 2841.9572436000003,
            "count": 1,
            "self": 3.090235500075778,
            "children": {
                "TrainerController._reset_env": {
                    "total": 5.777938600000001,
                    "count": 1,
                    "self": 5.777938600000001
                },
                "TrainerController.advance": {
                    "total": 2833.0314788999244,
                    "count": 160290,
                    "self": 2.8227541000173915,
                    "children": {
                        "env_step": {
                            "total": 1294.2382981999754,
                            "count": 160290,
                            "self": 875.2955565000082,
                            "children": {
                                "SubprocessEnvManager._take_step": {
                                    "total": 417.1755888999703,
                                    "count": 160290,
                                    "self": 9.134500399940634,
                                    "children": {
                                        "TorchPolicy.evaluate": {
                                            "total": 408.0410885000297,
                                            "count": 160290,