{"count":1,"self":13.3122232,"total":225.3000265,"children":{"InitializeActuators":{"count":32,"self":0.0040314,"total":0.0040314,"children":null},"InitializeSensors":{"count":32,"self":0.0009947,"total":0.0009947,"children":null},"AgentSendState":{"count":16067,"self":1.5417895,"total":9.0000258999999989,"children":{"CollectObservations":{"count":501291,"self":2.2561546,"total":2.2561546,"children":null},"WriteActionMask":{"count":501291,"self":0.42297609999999997,"total":0.42297609999999997,"children":null},"RequestDecision":{"count":501291,"self":0.98435049999999991,"total":4.7791057,"children":{"AgentInfo.ToProto":{"count":501291,"self":1.0671283999999999,"total":3.7947552,"children":{"GenerateSensorData":{"count":501291,"self":2.7276268,"total":2.7276268,"children":null}}}}}}},"DecideAction":{"count":16067,"self":200.7039232,"total":200.70392629999998,"children":null},"AgentAct":{"count":16067,"self":2.2577182,"total":2.2778212,"children":{"AgentInfo.ToProto":{"count":958,"self":0.0020368,"total":0.020103,"children":{"GenerateSensorData":{"count":958,"self":0.018066199999999998,"total":0.018066199999999998,"children":null}}}}}},"gauges":{"Game.CumulativeReward":{"count":958,"max":0.99925,"min":-1,"runningAverage":0.8704946,"value":0.88055,"weightedAverage":0.7808149}},"metadata":{"timer_format_version":"0.1.0","start_time_seconds":"1621797510","unity_version":"2020.2.2f1","command_line_arguments":"D:\\Users\\Unity\\2020.2.2f1\\Editor\\Unity.exe -projectPath C:\\Users\\berna\\Desktop\\Iart - proj2\\BallSortPuzzle","communication_protocol_version":"1.5.0","com.unity.ml-agents_version":"2.0.0-pre.3","scene_name":"Scene","end_time_seconds":"1621797735"}}