{
    "name": "root",
    "gauges": {
        "Game.Policy.Entropy.mean": {
            "value": 3.21726131439209,
            "min": 3.2171413898468018,
            "max": 3.2181336879730225,
            "count": 20
        },
        "Game.Policy.Entropy.sum": {
            "value": 80920.5546875,
            "min": 79373.984375,
            "max": 82989.203125,
            "count": 20
        },
        "Game.Environment.EpisodeLength.mean": {
            "value": 289.8169014084507,
            "min": 231.40506329113924,
            "max": 325.0987654320988,
            "count": 20
        },
        "Game.Environment.EpisodeLength.sum": {
            "value": 20577.0,
            "min": 18281.0,
            "max": 27270.0,
            "count": 20
        },
        "Game.Policy.ExtrinsicValueEstimate.mean": {
            "value": 0.3145888149738312,
            "min": -0.03209640830755234,
            "max": 0.32551872730255127,
            "count": 20
        },
        "Game.Policy.ExtrinsicValueEstimate.sum": {
            "value": 176.16973876953125,
            "min": -17.87769889831543,
            "max": 185.22015380859375,
            "count": 20
        },
        "Game.Environment.CumulativeReward.mean": {
            "value": 1.0167464478216854,
            "min": 1.0167464478216854,
            "max": 1.2148157542841018,
            "count": 20
        },
        "Game.Environment.CumulativeReward.sum": {
            "value": 72.18899779533967,
            "min": 72.18899779533967,
            "max": 105.51399701926857,
            "count": 20
        },
        "Game.Policy.ExtrinsicReward.mean": {
            "value": 1.0167464478216854,
            "min": 1.0167464478216854,
            "max": 1.2148157542841018,
            "count": 20
        },
        "Game.Policy.ExtrinsicReward.sum": {
            "value": 72.18899779533967,
            "min": 72.18899779533967,
            "max": 105.51399701926857,
            "count": 20
        },
        "Game.Losses.PolicyLoss.mean": {
            "value": 0.06807452535394987,
            "min": 0.06742788979317993,
            "max": 0.07188043539341986,
            "count": 20
        },
        "Game.Losses.PolicyLoss.sum": {
            "value": 0.4084471521236992,
            "min": 0.3456809428478462,
            "max": 0.49777127978450153,
            "count": 20
        },
        "Game.Losses.ValueLoss.mean": {
            "value": 0.012707574892374396,
            "min": 0.010275115371920643,
            "max": 0.03669049167559327,
            "count": 20
        },
        "Game.Losses.ValueLoss.sum": {
            "value": 0.07624544935424638,
            "min": 0.06165069223152386,
            "max": 0.18345245837796634,
            "count": 20
        },
        "Game.Policy.LearningRate.mean": {
            "value": 2.7057396189999987e-07,
            "min": 2.7057396189999987e-07,
            "max": 9.741422585800002e-06,
            "count": 20
        },
        "Game.Policy.LearningRate.sum": {
            "value": 1.6234437713999993e-06,
            "min": 1.6234437713999993e-06,
            "max": 5.776770232420001e-05,
            "count": 20
        },
        "Game.Policy.Epsilon.mean": {
            "value": 0.10270476666666667,
            "min": 0.10270476666666667,
            "max": 0.1974142,
            "count": 20
        },
        "Game.Policy.Epsilon.sum": {
            "value": 0.6162286,
            "min": 0.6162286,
            "max": 1.2776758,
            "count": 20
        },
        "Game.Policy.Beta.mean": {
            "value": 0.001362112856666666,
            "min": 0.001362112856666666,
            "max": 0.04870735857999999,
            "count": 20
        },
        "Game.Policy.Beta.sum": {
            "value": 0.008172677139999996,
            "min": 0.008172677139999996,
            "max": 0.28885013242,
            "count": 20
        },
        "Game.IsTraining.mean": {
            "value": 1.0,
            "min": 1.0,
            "max": 1.0,
            "count": 20
        },
        "Game.IsTraining.sum": {
            "value": 1.0,
            "min": 1.0,
            "max": 1.0,
            "count": 20
        }
    },
    "metadata": {
        "timer_format_version": "0.1.0",
        "start_time_seconds": "1621596188",
        "python_version": "3.7.9 (tags/v3.7.9:13c94747c7, Aug 17 2020, 18:58:18) [MSC v.1900 64 bit (AMD64)]",
        "command_line_arguments": "C:\\Users\\Rafael\\Documents\\GitHub\\iart-proj-2\\BallSortPuzzle\\venv\\Scripts\\mlagents-learn --run-id=PPO9 config/config.yaml",
        "mlagents_version": "0.25.1",
        "mlagents_envs_version": "0.25.1",
        "communication_protocol_version": "1.5.0",
        "pytorch_version": "1.7.0+cu110",
        "numpy_version": "1.20.2",
        "end_time_seconds": "1621597419"
    },
    "total": 1231.44556,
    "count": 1,
    "self": 0.01583559999994577,
    "children": {
        "run_training.setup": {
            "total": 0.23301930000000004,
            "count": 1,
            "self": 0.23301930000000004
        },
        "TrainerController.start_learning": {
            "total": 1231.1967051,
            "count": 1,
            "self": 1.0458197999962522,
            "children": {
                "TrainerController._reset_env": {
                    "total": 11.8558424,
                    "count": 1,
                    "self": 11.8558424
                },
                "TrainerController.advance": {
                    "total": 1218.1585363000038,
                    "count": 15655,
                    "self": 0.6669758000027741,
                    "children": {
                        "env_step": {
                            "total": 1217.491560500001,
                            "count": 15655,
                            "self": 931.9003474000099,
                            "children": {
                                "SubprocessEnvManager._take_step": {
                                    "total": 285.16375669999707,
                                    "count": 15655,
                                    "self": 3.2049686999932305,
                                    "children": {
                                        "TorchPolicy.evaluate": {
                                            "total": 281.95878800000384,
                                            "count": 15655,
                                            "self": 87.07144650000527,
                                            "children": {
                                                "TorchPolicy.sample_actions": {
                                                    "total": 194.88734149999857,
                                                    "count": 15655,
                                                    "self": 194.88734149999857
                                                }
                                            }
                                        }
                                    }
                                },
                                "workers": {
                                    "total": 0.4274563999940959,
                                    "count": 15655,
                                    "self": 0.0,
                                    "children": {
                                        "worker_root": {
                                            "total": 1220.474850399995,
                                            "count": 15655,
                                            "is_parallel": true,
                                            "self": 717.5200763000041,
                                            "children": {
                                                "steps_from_proto": {
                                                    "total": 0.0022751000000003074,
                                                    "count": 1,
                                                    "is_parallel": true,